{
  "vocabulary": [
    "eval",
    "function",
    "child_process",
    "process.env",
    "buffer.from",
    "base64",
    "atob",
    "btoa",
    "fetch",
    "http.request",
    "https.request",
    "exec",
    "execsync",
    "spawn",
    "spawnSync",
    "require",
    "fs.readfile",
    "fs.writefile",
    "crypto",
    "webhook",
    "discord",
    "telegram",
    "wget",
    "curl",
    "powershell",
    "invoke-webrequest",
    "os.hostname",
    "os.userinfo",
    "dotenv",
    "api_key",
    "secret",
    "password",
    "token",
    "__bigram__:process.env fetch",
    "__bigram__:eval base64",
    "__bigram__:child_process exec",
    "__bigram__:buffer.from base64",
    "__bigram__:require child_process",
    "__bigram__:fetch process.env"
  ],
  "inputSize": 39,
  "hiddenSize": 10,
  "weightsHidden": [
    [
      0.21907664041642838,
      0.018125584472595338,
      0.28727442283785876,
      0.7928617724305369,
      0.21530202250403693,
      0.3386667091056906,
      0.7623559689685862,
      -0.08283777947092813,
      0.26454866222319573,
      0.03448370551324014,
      -0.07809192003233592,
      0.13395185101283105,
      0.05295168734907505,
      0.08905855675910791,
      0.06218437405256316,
      0.026848600184079034,
      0.024090906638432233,
      0.016583693676899047,
      -0.03915871921480529,
      0.12763405355864957,
      -0.09766097927002729,
      0.09243314493566004,
      0.13008438551158902,
      0.10326044803402272,
      -0.08014666866661596,
      -0.011285629639662132,
      0.007744929292507097,
      -0.004526626848024673,
      -0.022058163572026415,
      -0.01771734579999311,
      0.0337427366891596,
      -0.05396090943113041,
      -0.03737192068069515,
      -0.032150549057695654,
      -0.07831766333481878,
      0.0287812212304162,
      0.017056826759164912,
      0.007371180544331413,
      0.07813725403912125
    ],
    [
      0.6471027207936002,
      0.03141453876833045,
      0.4447341777049711,
      1.594920023381181,
      0.4598851678840439,
      0.49543941899810384,
      1.7104355801806335,
      0.038706026678253826,
      0.4547933712154419,
      -0.01250409399102037,
      -0.012306987430456308,
      0.2952497894114663,
      -0.07817473023403242,
      0.18930711962976154,
      0.048182639247655604,
      0.028570288200766628,
      -0.09181091859344909,
      -0.05340019482184495,
      0.002816336068082892,
      0.0930078613434554,
      0.010038698588415551,
      -0.02033826268995691,
      0.3080542805065661,
      0.10389572559113933,
      0.07867497497415302,
      0.0963640110112002,
      -0.014347375714690448,
      0.039279368961233144,
      0.09789433802211134,
      0.14531989110976232,
      0.19573319857603086,
      -0.040748062777413364,
      -0.02715039838000313,
      -0.09700567524493744,
      -0.06467422359934542,
      0.07988488158520131,
      0.0998531629071843,
      0.08621981067836218,
      -0.08542706936562833
    ],
    [
      0.685711303624897,
      0.037411499531738154,
      0.4595020813678363,
      1.3898064224207263,
      0.5640965955643447,
      0.48809119856033467,
      1.6245975152587668,
      -0.07148445687562632,
      0.29917366447080973,
      0.009654775503388002,
      -0.08206414351866549,
      0.36842968274046023,
      -0.015632611112479468,
      0.12202128955856925,
      0.0749882246767486,
      0.1503331048863854,
      -0.07238190097600831,
      0.0972881357468916,
      0.05487168076313598,
      0.1258860327540642,
      0.02125134276547125,
      -0.04406186539763075,
      0.16756736800418484,
      0.10385546421621245,
      -0.08721287597873745,
      0.08868285361325318,
      -0.019642602743080897,
      0.08754919537179617,
      -0.08240429160138435,
      0.027896670134561777,
      0.04215628192814561,
      0.09523272107408141,
      0.05177688905716163,
      -0.08291999860693933,
      0.03470472059812995,
      0.007773976052681375,
      0.05510441987713324,
      -0.08073474542941811,
      0.07645121216616531
    ],
    [
      -0.07342024189764818,
      0.0018001289510208229,
      0.10358280960542542,
      0.17640322656360524,
      -0.07485167299784178,
      0.08101981419450334,
      0.11319073794806667,
      -0.008783033333531432,
      0.06957147665205958,
      -0.08572197388963763,
      -0.07361425114984947,
      -0.04259346990373142,
      -0.039984579964887024,
      -0.040756585009864885,
      -0.09462077593415619,
      -0.00002563024739309892,
      -0.040754267933388766,
      -0.03218952901189609,
      -0.08964562263813024,
      -0.010808790944247193,
      -0.01244711711006712,
      0.07937893806330841,
      -0.06918607475421612,
      -0.06089371218513684,
      -0.07271611285411815,
      0.055137653147187486,
      0.03781293221731428,
      -0.07471493867620786,
      0.06798477836379475,
      -0.030035941556799835,
      -0.05323389448719894,
      0.044460340752168606,
      -0.047390656495309005,
      -0.09842767773787094,
      -0.09174379596753922,
      -0.06413845102712105,
      -0.04556107984417315,
      0.07844449394654368,
      -0.06433418873909424
    ],
    [
      -0.25537905594034366,
      0.2018055290903567,
      -0.08334803783362663,
      -0.45537018176628163,
      -0.24611983924893377,
      -0.06332639400348161,
      -0.7608981130745543,
      -0.006399928710815539,
      -0.14423657015006158,
      -0.017355790059939657,
      -0.06483191866988594,
      -0.0977266529859784,
      0.03880719975385634,
      0.056478375224048596,
      -0.030003237506516723,
      -0.025972648727483442,
      0.01768156656158917,
      0.0008168101180264121,
      -0.0012446543425787661,
      0.07373948314628916,
      -0.04644392007586817,
      -0.018212894004157043,
      -0.13840553925518406,
      -0.052483826096116314,
      0.0923412009796063,
      0.008557060561874375,
      -0.08262585597233066,
      -0.03125880256284095,
      0.09547323546894226,
      0.007256355681411224,
      0.012325804219632615,
      -0.09114736550548348,
      0.016282519011857354,
      -0.06997900661711909,
      0.007596617472576206,
      -0.02979114148389055,
      0.011780533143287641,
      0.02838393325165063,
      0.07709433528897058
    ],
    [
      -0.3827707292857726,
      0.1863169393669498,
      -0.2120430269599574,
      -0.7886800633964678,
      -0.30109446651838145,
      -0.22711121764338726,
      -1.1006182126092618,
      -0.01029663362914275,
      -0.18518235717430262,
      -0.08218262493609695,
      -0.014377689427967112,
      -0.17521166606702082,
      -0.011109828252886578,
      0.07000146391543373,
      0.0011578807399151626,
      0.02413736562724155,
      0.050471864855545334,
      0.01491542757819544,
      0.034400606110887424,
      0.020085646327743508,
      0.08331207953930186,
      0.0048008308941212,
      -0.11587332636579381,
      -0.0684438885232974,
      0.06724545500524952,
      -0.023991155707141942,
      0.07362590817703137,
      0.019962099844404557,
      0.055089891068715785,
      0.07456761004637906,
      0.006425189220713532,
      0.00866334229679171,
      -0.08799566984240825,
      -0.044678145412481385,
      -0.07135812218941213,
      0.08054949096286834,
      0.09645839266166584,
      0.012775481884913243,
      -0.06503669545716902
    ],
    [
      0.3413084060332728,
      0.01893656761867683,
      0.3548143383903048,
      0.9315400061673265,
      0.35228747430071683,
      0.42740227263663016,
      1.0149736113005472,
      -0.020991949313879578,
      0.3104750519815871,
      0.03396631203298024,
      -0.04763774234106828,
      0.21549202809304785,
      -0.05715892423663887,
      0.10886445075037599,
      -0.01726823764259975,
      0.06280559745343925,
      -0.08337130893455727,
      -0.08199664017366014,
      0.029436627769062175,
      0.15217595471994197,
      -0.02163600392283649,
      0.07755075676574666,
      0.1588967539335107,
