{
  "vocabulary": [
    "eval",
    "child_process",
    "process.env",
    "buffer.from",
    "base64",
    "atob",
    "btoa",
    "fetch",
    "http.request",
    "https.request",
    "exec",
    "execsync",
    "spawn",
    "spawnSync",
    "webhook",
    "discord",
    "telegram",
    "wget",
    "curl",
    "powershell",
    "invoke-webrequest",
    "os.hostname",
    "os.userinfo",
    "api_key",
    "secret",
    "password",
    "require",
    "function",
    "crypto",
    "token",
    "dotenv",
    "fs.readfile",
    "fs.writefile",
    "__bigram__:process.env fetch",
    "__bigram__:eval base64",
    "__bigram__:child_process exec",
    "__bigram__:buffer.from base64",
    "__bigram__:require child_process",
    "__bigram__:fetch process.env",
    "__bigram__:new function",
    "__bigram__:execsync spawn"
  ],
  "logPrior": {
    "benign": -0.6931471805599453,
    "malicious": -0.6931471805599453
  },
  "logLikelihood": {
    "benign": {
      "eval": -3.7612001156935624,
      "child_process": -3.7612001156935624,
      "process.env": -3.7612001156935624,
      "buffer.from": -3.7612001156935624,
      "base64": -3.7612001156935624,
      "atob": -3.7612001156935624,
      "btoa": -3.7612001156935624,
      "fetch": -3.068052935133617,
      "http.request": -3.7612001156935624,
      "https.request": -3.7612001156935624,
      "exec": -3.7612001156935624,
      "execsync": -3.7612001156935624,
      "spawn": -3.7612001156935624,
      "spawnSync": -3.7612001156935624,
      "webhook": -3.7612001156935624,
      "discord": -3.7612001156935624,
      "telegram": -3.7612001156935624,
      "wget": -3.7612001156935624,
      "curl": -3.7612001156935624,
      "powershell": -3.7612001156935624,
      "invoke-webrequest": -3.7612001156935624,
      "os.hostname": -3.7612001156935624,
      "os.userinfo": -3.7612001156935624,
      "api_key": -3.7612001156935624,
      "secret": -3.7612001156935624,
      "password": -3.7612001156935624,
      "require": -3.7612001156935624,
      "function": -3.068052935133617,
      "crypto": -3.7612001156935624,
      "token": -3.7612001156935624,
      "dotenv": -3.7612001156935624,
      "fs.readfile": -3.7612001156935624,
      "fs.writefile": -3.7612001156935624,
      "__bigram__:process.env fetch": -3.7612001156935624,
      "__bigram__:eval base64": -3.7612001156935624,
      "__bigram__:child_process exec": -3.7612001156935624,
      "__bigram__:buffer.from base64": -3.7612001156935624,
      "__bigram__:require child_process": -3.7612001156935624,
      "__bigram__:fetch process.env": -3.7612001156935624,
      "__bigram__:new function": -3.7612001156935624,
      "__bigram__:execsync spawn": -3.7612001156935624
    },
    "malicious": {
      "eval": -3.488902962081261,
      "child_process": -2.929287174145838,
      "process.env": -1.739703107272002,
      "buffer.from": -3.0834378539730967,
      "base64": -3.0834378539730967,
      "atob": -3.265759410767051,
      "btoa": -4.875197323201151,
      "fetch": -2.795755781521316,
      "http.request": -4.875197323201151,
      "https.request": -4.182050142641207,
      "exec": -3.0834378539730967,
      "execsync": -4.182050142641207,
      "spawn": -3.488902962081261,
      "spawnSync": -4.875197323201151,
      "webhook": -3.265759410767051,
      "discord": -4.182050142641207,
      "telegram": -4.875197323201151,
      "wget": -3.776585034533042,
      "curl": -3.488902962081261,
      "powershell": -4.182050142641207,
      "invoke-webrequest": -4.875197323201151,
      "os.hostname": -4.875197323201151,
      "os.userinfo": -4.875197323201151,
      "api_key": -3.776585034533042,
      "secret": -3.488902962081261,
      "password": -4.875197323201151,
      "require": -2.677972745864932,
      "function": -3.776585034533042,
      "crypto": -4.875197323201151,
      "token": -4.875197323201151,
      "dotenv": -4.875197323201151,
      "fs.readfile": -4.875197323201151,
      "fs.writefile": -4.875197323201151,
      "__bigram__:process.env fetch": -4.875197323201151,
      "__bigram__:eval base64": -4.875197323201151,
      "__bigram__:child_process exec": -4.875197323201151,
      "__bigram__:buffer.from base64": -4.875197323201151,
      "__bigram__:require child_process": -4.875197323201151,
      "__bigram__:fetch process.env": -4.875197323201151,
      "__bigram__:new function": -3.776585034533042,
      "__bigram__:execsync spawn": -4.875197323201151
    }
  },
  "classCounts": {
    "benign": 20,
    "malicious": 20
  }
}
