{
  "vocabulary": [
    "eval",
    "function",
    "child_process",
    "process.env",
    "buffer.from",
    "base64",
    "atob",
    "btoa",
    "fetch",
    "http.request",
    "https.request",
    "exec",
    "execsync",
    "spawn",
    "spawnSync",
    "require",
    "fs.readfile",
    "fs.writefile",
    "crypto",
    "webhook",
    "discord",
    "telegram",
    "wget",
    "curl",
    "powershell",
    "invoke-webrequest",
    "os.hostname",
    "os.userinfo",
    "dotenv",
    "api_key",
    "secret",
    "password",
    "token",
    "__bigram__:process.env fetch",
    "__bigram__:eval base64",
    "__bigram__:child_process exec",
    "__bigram__:buffer.from base64",
    "__bigram__:require child_process",
    "__bigram__:fetch process.env"
  ],
  "logPrior": {
    "benign": -0.6931471805599453,
    "malicious": -0.6931471805599453
  },
  "logLikelihood": {
    "benign": {
      "eval": -3.7612001156935624,
      "function": -2.374905754573672,
      "child_process": -3.7612001156935624,
      "process.env": -3.7612001156935624,
      "buffer.from": -3.7612001156935624,
      "base64": -3.7612001156935624,
      "atob": -3.7612001156935624,
      "btoa": -3.7612001156935624,
      "fetch": -3.7612001156935624,
      "http.request": -3.7612001156935624,
      "https.request": -3.7612001156935624,
      "exec": -3.7612001156935624,
      "execsync": -3.7612001156935624,
      "spawn": -3.7612001156935624,
      "spawnSync": -3.7612001156935624,
      "require": -3.068052935133617,
      "fs.readfile": -3.7612001156935624,
      "fs.writefile": -3.7612001156935624,
      "crypto": -3.7612001156935624,
      "webhook": -3.7612001156935624,
      "discord": -3.7612001156935624,
      "telegram": -3.7612001156935624,
      "wget": -3.7612001156935624,
      "curl": -3.7612001156935624,
      "powershell": -3.7612001156935624,
      "invoke-webrequest": -3.7612001156935624,
      "os.hostname": -3.7612001156935624,
      "os.userinfo": -3.7612001156935624,
      "dotenv": -3.7612001156935624,
      "api_key": -3.7612001156935624,
      "secret": -3.7612001156935624,
      "password": -3.7612001156935624,
      "token": -3.7612001156935624,
      "__bigram__:process.env fetch": -3.7612001156935624,
      "__bigram__:eval base64": -3.7612001156935624,
      "__bigram__:child_process exec": -3.7612001156935624,
      "__bigram__:buffer.from base64": -3.7612001156935624,
      "__bigram__:require child_process": -3.7612001156935624,
      "__bigram__:fetch process.env": -3.7612001156935624
    },
    "malicious": {
      "eval": -3.1354942159291497,
      "function": -3.5409593240373143,
      "child_process": -2.847812143477369,
      "process.env": -2.4423470353692043,
      "buffer.from": -3.1354942159291497,
      "base64": -3.1354942159291497,
      "atob": -3.5409593240373143,
      "btoa": -4.23410650459726,
      "fetch": -3.1354942159291497,
      "http.request": -4.23410650459726,
      "https.request": -4.23410650459726,
      "exec": -3.1354942159291497,
      "execsync": -4.23410650459726,
      "spawn": -3.5409593240373143,
      "spawnSync": -4.23410650459726,
      "require": -2.624668592163159,
      "fs.readfile": -4.23410650459726,
      "fs.writefile": -4.23410650459726,
      "crypto": -4.23410650459726,
      "webhook": -3.5409593240373143,
      "discord": -4.23410650459726,
      "telegram": -4.23410650459726,
      "wget": -3.5409593240373143,
      "curl": -3.5409593240373143,
      "powershell": -4.23410650459726,
      "invoke-webrequest": -4.23410650459726,
      "os.hostname": -4.23410650459726,
      "os.userinfo": -4.23410650459726,
      "dotenv": -4.23410650459726,
      "api_key": -3.5409593240373143,
      "secret": -3.5409593240373143,
      "password": -4.23410650459726,
      "token": -4.23410650459726,
      "__bigram__:process.env fetch": -4.23410650459726,
      "__bigram__:eval base64": -4.23410650459726,
      "__bigram__:child_process exec": -4.23410650459726,
      "__bigram__:buffer.from base64": -4.23410650459726,
      "__bigram__:require child_process": -4.23410650459726,
      "__bigram__:fetch process.env": -4.23410650459726
    }
  },
  "classCounts": {
    "benign": 8,
    "malicious": 8
  }
}
