{
  "vocabulary": [
    "critical",
    "vulnerability",
    "rce",
    "in",
    "npm",
    "package",
    "lodash",
    "exploited",
    "the",
    "wild",
    "__threat__:critical:critical vulnerability",
    "__threat__:critical:rce",
    "__threat__:high:exploit",
    "__threat__:high:vulnerability",
    "__threat__:high:npm package",
    "malware",
    "found",
    "supply",
    "chain",
    "attack",
    "compromises",
    "thousands",
    "of",
    "projects",
    "__threat__:critical:supply chain attack",
    "__threat__:critical:malware found",
    "cve-2024-1234",
    "remote",
    "code",
    "execution",
    "patch",
    "immediately",
    "__threat__:critical:remote code execution",
    "__threat__:high:cve-",
    "__threat__:high:patch immediately",
    "security",
    "advisory",
    "typosquat",
    "backdoor",
    "discovered",
    "popular",
    "library",
    "__threat__:high:security advisory",
    "__threat__:high:typosquat",
    "__threat__:high:backdoor",
    "how",
    "to",
    "improve",
    "your",
    "javascript",
    "coding",
    "style",
    "this",
    "summer",
    "top",
    "10",
    "frontend",
    "frameworks",
    "opinion",
    "piece",
    "for",
    "beginners",
    "company",
    "announces",
    "new",
    "office",
    "location",
    "and",
    "hiring",
    "plans",
    "weekly",
    "digest",
    "open",
    "source",
    "community",
    "events"
  ],
  "inputSize": 76,
  "hiddenSize": 8,
  "weightsHidden": [
    [
      -0.0667060793302647,
      -0.09578308304200042,
      -0.10931752282542924,
      -0.023442944730566524,
      0.04268666080539909,
      -0.07444746047521557,
      0.08227748180936853,
      0.03867990980321669,
      0.0823905550218263,
      0.011732016364433606,
      -0.03237746585625851,
      0.02309955128753147,
      0.0030479221114421977,
      -0.008057046370121553,
      0.05408936385022178,
      0.0017008501780283237,
      -0.09195801365428768,
      -0.06723934099677482,
      0.016375677969283586,
      -0.022674515854798162,
      0.06597764813197604,
      -0.0828050940720519,
      -0.004295485956673446,
      0.029198802650107415,
      -0.0798757907086229,
      -0.04775490777014162,
      -0.04033237085465377,
      -0.0222332216287749,
      -0.004799389736684141,
      0.0663065776790529,
      -0.051545868707456984,
      -0.054393069289718717,
      0.011559214798850564,
      -0.026747382098736703,
      0.019048263652481603,
      -0.0746735845881069,
      0.08150132480484747,
      0.03942443079370683,
      -0.05283881663593544,
      -0.07674385123553691,
      -0.03898319159607984,
      0.07410062672717728,
      0.050073321242588786,
      -0.008766021390763656,
      -0.08697176832255411,
      0.11913258456009308,
      0.047763103850118074,
      0.10708105805905593,
      0.07746914520790814,
      0.08945221066466172,
      0.1054816160562391,
      0.007896786662119498,
      0.07781160288096209,
      0.05386948380552964,
      0.03752424027899126,
      0.04987544587151486,
      -0.08465129133236188,
      -0.01568409611503479,
      -0.007457742479609136,
      0.04507045763088971,
      -0.08499724467903855,
      0.061007447848286635,
      -0.014478266261591067,
      -0.048551899437010215,
      -0.055424469075474776,
      -0.055751133617019194,
      -0.04012741758654914,
      0.0926745262041694,
      -0.04599116290538978,
      0.07861643215162162,
      0.09710239539553972,
      0.035896243760511634,
      0.09833757195234606,
      0.0882072042327843,
      -0.014311634432984043,
      0.07848828917383432
    ],
    [
      0.005212806110579506,
      -0.01868905633906819,
      -0.042977533247421214,
      -0.15232460990176822,
      -0.045918506211559844,
      0.026263257538369562,
      -0.08137317180334602,
      0.04832478133679368,
      -0.10628791312479408,
      -0.050202431638144175,
      -0.019291755524618526,
      0.2058539506183462,
      -0.08399532312889596,
      0.02471630759892827,
      0.028259852624563434,
      -0.1271348618539057,
      -0.06943148905615198,
      -0.11208826029409827,
      -0.08948367410552137,
      -0.05070169964260796,
      -0.0652661962769815,
      0.024494416196887983,
      0.22457546718565846,
      0.05992689378044648,
      -0.07668655963015077,
      0.0651290561794472,
      -0.07099942483113475,
      0.04899770410444869,
      -0.09801988989819951,
      -0.03127332618626817,
      -0.12665812952250138,
      0.0361839448546559,
      0.02071913242370813,
      -0.08422137516626842,
      -0.10937613933418748,
      -0.10608945660212298,
      0.046270406042054776,
      -0.02093336713564955,
      -0.009673154233811388,
      0.04196704549682191,
      0.04811883712276155,
      -0.046888801546519546,
      -0.06048839979860085,
      -0.1092876711757036,
      -0.04544418229894223,
      0.06984766042476445,
      -0.07272764967411352,
      -0.054955898350140996,
      -0.086587146770087,
      -0.046352226132661094,
      -0.07729103974368408,
      0.027461773722042875,
      -0.004465442320089639,
      -0.021278107130014372,
      0.230617074332654,
      0.22527429915401137,
      0.24652932793717575,
      0.12241966593675754,
      0.26164703094852393,
      0.11348317793743694,
      0.20415938027159797,
      0.17720058946865652,
      0.14098262228316133,
      0.1563803123050316,
      0.10146990835856284,
      0.20720654027758414,
      0.2381656569974057,
      0.11103812175224173,
      0.07890720344704505,
      0.2207066498422194,
      0.13185860147090628,
      0.20783160332733086,
      0.08982315207715034,
      0.20949988775834077,
      0.12589816946719506,
      0.2638846656346351
    ],
    [
      0.00012550356482831352,
      -0.028137377195131992,
      -0.1044168302880732,
      -0.22544500361371753,
      -0.14979557345562156,
      -0.026923990153999298,
      -0.043174118379689326,
      -0.07002709194342813,
      -0.0411340963628647,
      0.09275668351315366,
      -0.07984735167062973,
      0.3101136200144458,
      -0.05801134662505135,
      -0.09289194146528201,
      -0.059214786222380356,
      -0.03563539716309497,
      -0.06044224540641236,
      -0.08830551985266642,
      -0.001848914548590133,
      -0.010550388005056425,
      -0.09027660778573027,
      -0.029288369250572897,
      0.1532262548992373,
      -0.1340848173983201,
      -0.02289835551950133,
      -0.10636077155885285,
      -0.12170294807730718,
      -0.01033171912606447,
      -0.05512793665993822,
      -0.029627531602167058,
      -0.05354861510441223,
      -0.15972563016181227,
      -0.01700581444669995,
      -0.1534195198141402,
      -0.2011726589182782,
      0.04204069812267226,
      -0.07602511131695887,
      0.013707306871791504,
      -0.05766526170067657,
      -0.10478637197091402,
      -0.017898660371529828,
      -0.13215272097987868,
      -0.07447386052976812,
      -0.09793042158914593,
      -0.07099751874446028,
      0.31633420622756225,
      0.3368461791326626,
      0.3496115652919045,
      0.2271088253972678,
      0.39880925985946547,
      0.2525008672258577,
      0.3724423106144781,
      0.33158446711428496,
      0.28414963416458083,
      0.21044797693357706,
      0.349316769191377,
      0.25972863680174363,
      0.22099598689494512,
      0.3212381937245021,
      0.17595214815042223,
      0.28686108004019767,
      0.18224573014469375,
      0.16754000172741507,
      0.32349711219165883,
      0.27732168954990793,
      0.3483020336690433,
      0.29453423525936345,
      0.3161970376710372,
      0.16188578164014714,
      0.32562638310783615,
      0.23255073053959058,
      0.2944125504148982,
      0.19268517256342158,
      0.33965226238386587,
      0.2797722581669068,
      0.2280046747857318
    ],
    [
      0.05805544929563853,
      -0.04919118924452093,
      0.0072583915711907036,
      0.016372689298460277,
      -0.0451692972734052,
      -0.053087546039113455,
